city_slug,date,n_listing_days,n_unique_listings,availability_rate
austin,2025-06-01,15418,15418,0.5332079387728629
austin,2025-06-02,15418,15418,0.535737449734077
austin,2025-06-03,15418,15418,0.5366454793098975
austin,2025-06-04,15418,15418,0.5367103385653132
austin,2025-06-05,15418,15418,0.5297703982358283
austin,2025-06-06,15418,15418,0.5274354650408614
austin,2025-06-07,15418,15418,0.5274354650408614
austin,2025-06-08,15418,15418,0.538072382929044
austin,2025-06-09,15418,15418,0.5401478791023478
austin,2025-06-10,15418,15418,0.5410559086781683
austin,2025-06-11,15418,15418,0.5407964716565054
austin,2025-06-12,15418,15418,0.5350888571799196
austin,2025-06-13,15418,15418,0.5340511090932676
austin,2025-06-14,15418,15418,0.5341808276040991
austin,2025-06-15,15418,15418,0.5418342197431574
austin,2025-06-16,15418,15418,0.5415747827214944
austin,2025-06-17,15418,15418,0.5407964716565054
austin,2025-06-18,15418,15418,0.5340511090932676
austin,2025-06-19,15418,15418,0.5252951096121417
austin,2025-06-20,15418,15418,0.5230898949280062
austin,2025-06-21,15418,15418,0.524192502270074
austin,2025-06-22,15418,15418,0.5334025165391101
austin,2025-06-23,15418,15418,0.5411856271889999
austin,2025-06-24,15418,15418,0.5419639382539888
austin,2025-06-25,15418,15418,0.5405370346348424
austin,2025-06-26,15418,15418,0.5363211830328188
austin,2025-06-27,15418,15418,0.5350239979245038
austin,2025-06-28,15418,15418,0.5348294201582566
austin,2025-06-29,15418,15418,0.5407964716565054
austin,2025-06-30,15418,15418,0.544752886236866
austin,2025-07-01,15418,15418,0.5438448566610455
austin,2025-07-02,15418,15418,0.5440394344272927
austin,2025-07-03,15418,15418,0.5420287975094046
austin,2025-07-04,15418,15418,0.5411207679335841
austin,2025-07-05,15418,15418,0.5413153456998314
austin,2025-07-06,15418,15418,0.5435205603839668
austin,2025-07-07,15418,15418,0.5443637307043715
austin,2025-07-08,15418,15418,0.5451420417693605
austin,2025-07-09,15418,15418,0.5452069010247762
austin,2025-07-10,15418,15418,0.5423530937864833
austin,2025-07-11,15418,15418,0.5399533013361006
austin,2025-07-12,15418,15418,0.5411207679335841
austin,2025-07-13,15418,15418,0.544493449215203
austin,2025-07-14,15418,15418,0.5428719678298093
austin,2025-07-15,15418,15418,0.4540796471656505
austin,2025-07-16,15418,15418,0.44636139577117656
austin,2025-07-17,15418,15418,0.44311843300038917
austin,2025-07-18,15418,15418,0.4422104034245687
austin,2025-07-19,15418,15418,0.4421455441691529
austin,2025-07-20,15418,15418,0.4446101958749514
austin,2025-07-21,15418,15418,0.44636139577117656
austin,2025-07-22,15418,15418,0.4466856920482553
austin,2025-07-23,15418,15418,0.44564794396160334
austin,2025-07-24,15418,15418,0.44402646257620965
austin,2025-07-25,15418,15418,0.4423401219354002
austin,2025-07-26,15418,15418,0.44415618108704114
austin,2025-07-27,15418,15418,0.447009988325334
austin,2025-07-28,15418,15418,0.44662083279283954
austin,2025-07-29,15418,15418,0.4468802698145025
austin,2025-07-30,15418,15418,0.4469451290699183
austin,2025-07-31,15418,15418,0.44558308470618757
austin,2025-08-01,15418,15418,0.4412375145933325
austin,2025-08-02,15418,15418,0.44084835906083797
austin,2025-08-03,15418,15418,0.4434427292774679
austin,2025-08-04,15418,15418,0.4436373070437151
austin,2025-08-05,15418,15418,0.4439616033207939
austin,2025-08-06,15418,15418,0.44311843300038917
austin,2025-08-07,15418,15418,0.4419509664029057
austin,2025-08-08,15418,15418,0.4407186405500065
austin,2025-08-09,15418,15418,0.44091321831625374
austin,2025-08-10,15418,15418,0.4442858995978726
austin,2025-08-11,15418,15418,0.4446101958749514
austin,2025-08-12,15418,15418,0.4459073809832663
austin,2025-08-13,15418,15418,0.44486963289661435
austin,2025-08-14,15418,15418,0.4427941367233104
austin,2025-08-15,15418,15418,0.44240498119081595
austin,2025-08-16,15418,15418,0.44246984044623167
austin,2025-08-17,15418,15418,0.44564794396160334
austin,2025-08-18,15418,15418,0.4455182254507718
austin,2025-08-19,15418,15418,0.4453236476845246
austin,2025-08-20,15418,15418,0.4444804773641199
austin,2025-08-21,15418,15418,0.44240498119081595
austin,2025-08-22,15418,15418,0.4421455441691529
austin,2025-08-23,15418,15418,0.4429887144895577
austin,2025-08-24,15418,15418,0.44571280321701906
austin,2025-08-25,15418,15418,0.44584252172785055
austin,2025-08-26,15418,15418,0.4461019587495136
austin,2025-08-27,15418,15418,0.4462965365157608
austin,2025-08-28,15418,15418,0.4439616033207939
austin,2025-08-29,15418,15418,0.4429238552341419
austin,2025-08-30,15418,15418,0.44188610714748994
austin,2025-08-31,15418,15418,0.4451939291736931
austin,2025-09-01,15418,15418,0.44422104034245685
austin,2025-09-02,15418,15418,0.4437670255545466
austin,2025-09-03,15418,15418,0.4423401219354002
austin,2025-09-04,15418,15418,0.44104293682708523
austin,2025-09-05,15418,15418,0.44039434427292773
austin,2025-09-06,15418,15418,0.440588922039175
austin,2025-09-07,15418,15418,0.44246984044623167
austin,2025-09-08,15418,15418,0.44259955895706315
austin,2025-09-09,15418,15418,0.4414320923595797
austin,2025-09-10,15418,15418,0.4419509664029057
austin,2025-09-11,15418,15418,0.44175638863665845
austin,2025-09-12,15418,15418,0.4401997665066805
austin,2025-09-13,15418,15418,0.4404592035283435
austin,2025-09-14,15418,15418,0.44162667012582696
austin,2025-09-15,15418,15418,0.4414320923595797
austin,2025-09-16,15418,15418,0.44240498119081595
austin,2025-09-17,15418,15418,0.4422104034245687
austin,2025-09-18,15418,15418,0.44084835906083797
austin,2025-09-19,15418,15418,0.4397457517187703
austin,2025-09-20,15418,15418,0.4401997665066805
austin,2025-09-21,15418,15418,0.4420158256583214
austin,2025-09-22,15418,15418,0.44188610714748994
austin,2025-09-23,15418,15418,0.44246984044623167
austin,2025-09-24,15418,15418,0.44162667012582696
austin,2025-09-25,15418,15418,0.4396160332079388
austin,2025-09-26,15418,15418,0.43773511480088206
austin,2025-09-27,15418,15418,0.4381242703333766
austin,2025-09-28,15418,15418,0.44246984044623167
austin,2025-09-29,15418,15418,0.4429238552341419
austin,2025-09-30,15418,15418,0.4438318848099624
austin,2025-10-01,15418,15418,0.4379296925671293
austin,2025-10-02,15418,15418,0.4333246854326112
austin,2025-10-03,15418,15418,0.4307951744713971
austin,2025-10-04,15418,15418,0.43066545596056555
austin,2025-10-05,15418,15418,0.43267609287845377
austin,2025-10-06,15418,15418,0.4396160332079388
austin,2025-10-07,15418,15418,0.4401997665066805
austin,2025-10-08,15418,15418,0.43877286288753403
austin,2025-10-09,15418,15418,0.4330003891555325
austin,2025-10-10,15418,15418,0.42956284861849786
austin,2025-10-11,15418,15418,0.42956284861849786
austin,2025-10-12,15418,15418,0.42982228564016084
austin,2025-10-13,15418,15418,0.36716824490854844
austin,2025-10-14,15418,15418,0.36055260085614216
austin,2025-10-15,15418,15418,0.35471526786872487
austin,2025-10-16,15418,15418,0.336684394863147
austin,2025-10-17,15418,15418,0.32273965494876117
austin,2025-10-18,15418,15418,0.32351796601375016
austin,2025-10-19,15418,15418,0.33227396549487614
austin,2025-10-20,15418,15418,0.3552990011674666
austin,2025-10-21,15418,15418,0.3591905564924115
austin,2025-10-22,15418,15418,0.3601634453236477
austin,2025-10-23,15418,15418,0.35983914904656894
austin,2025-10-24,15418,15418,0.35906083798157995
austin,2025-10-25,15418,15418,0.3597742897911532
austin,2025-10-26,15418,15418,0.36204436373070437
austin,2025-10-27,15418,15418,0.36197950447528865
austin,2025-10-28,15418,15418,0.36217408224153586
austin,2025-10-29,15418,15418,0.36197950447528865
austin,2025-10-30,15418,15418,0.3628875340511091
austin,2025-10-31,15418,15418,0.3642495784148398
austin,2025-11-01,15418,15418,0.36210922298612014
austin,2025-11-02,15418,15418,0.3602931638344792
austin,2025-11-03,15418,15418,0.3611363341548839
austin,2025-11-04,15418,15418,0.36107147489946817
austin,2025-11-05,15418,15418,0.36133091192113115
austin,2025-11-06,15418,15418,0.3602931638344792
austin,2025-11-07,15418,15418,0.35893111947074846
austin,2025-11-08,15418,15418,0.3591905564924115
austin,2025-11-09,15418,15418,0.3610066156440524
austin,2025-11-10,15418,15418,0.36107147489946817
austin,2025-11-11,15418,15418,0.36081203787780514
austin,2025-11-12,15418,15418,0.3575690751070178
austin,2025-11-13,15418,15418,0.3594499935140745
austin,2025-11-14,15418,15418,0.358282526916591
austin,2025-11-15,15418,15418,0.3584122454274225
austin,2025-11-16,15418,15418,0.3600337268128162
austin,2025-11-17,15418,15418,0.36048774160072644
austin,2025-11-18,15418,15418,0.3601634453236477
austin,2025-11-19,15418,15418,0.3601634453236477
austin,2025-11-20,15418,15418,0.3600337268128162
austin,2025-11-21,15418,15418,0.3578933713840965
austin,2025-11-22,15418,15418,0.35808794915034375
austin,2025-11-23,15418,15418,0.35983914904656894
austin,2025-11-24,15418,15418,0.3591905564924115
austin,2025-11-25,15418,15418,0.35834738617200673
austin,2025-11-26,15418,15418,0.3575690751070178
austin,2025-11-27,15418,15418,0.356985341808276
austin,2025-11-28,15418,15418,0.3539369568037359
austin,2025-11-29,15418,15418,0.3545855493578934
austin,2025-11-30,15418,15418,0.3600985860682319
austin,2025-12-01,15418,15418,0.35906083798157995
boston,2025-06-01,4426,4426,0.6513782196113873
boston,2025-06-02,4426,4426,0.6527338454586534
boston,2025-06-03,4426,4426,0.6538635336647085
boston,2025-06-04,4426,4426,0.648892905558066
boston,2025-06-05,4426,4426,0.6414369633981021
boston,2025-06-06,4426,4426,0.6342069588793493
boston,2025-06-07,4426,4426,0.6348847718029824
boston,2025-06-08,4426,4426,0.648892905558066
boston,2025-06-09,4426,4426,0.6500225937641211
boston,2025-06-10,4426,4426,0.6459557162223226
boston,2025-06-11,4426,4426,0.6443741527338455
boston,2025-06-12,4426,4426,0.6353366470854044
boston,2025-06-13,4426,4426,0.622458201536376
boston,2025-06-14,4426,4426,0.6217803886127429
boston,2025-06-15,4426,4426,0.631043831902395
boston,2025-06-16,4426,4426,0.6348847718029824
boston,2025-06-17,4426,4426,0.6396294622684139
boston,2025-06-18,4426,4426,0.640307275192047
boston,2025-06-19,4426,4426,0.6412110257568912
boston,2025-06-20,4426,4426,0.6464075915047447
boston,2025-06-21,4426,4426,0.6511522819701763
boston,2025-06-22,4426,4426,0.657478535924085
boston,2025-06-23,4426,4426,0.6629010393131496
boston,2025-06-24,4426,4426,0.6649344780840488
boston,2025-06-25,4426,4426,0.6626751016719385
boston,2025-06-26,4426,4426,0.6586082241301401
boston,2025-06-27,4426,4426,0.6522819701762314
boston,2025-06-28,4426,4426,0.6534116583822865
boston,2025-06-29,4426,4426,0.6592860370537732
boston,2025-06-30,4426,4426,0.6662901039313149
boston,2025-07-01,4426,4426,0.6694532309082694
boston,2025-07-02,4426,4426,0.6690013556258473
boston,2025-07-03,4426,4426,0.6624491640307275
boston,2025-07-04,4426,4426,0.6610935381834614
boston,2025-07-05,4426,4426,0.6601897876186172
boston,2025-07-06,4426,4426,0.6658382286488929
boston,2025-07-07,4426,4426,0.6642566651604157
boston,2025-07-08,4426,4426,0.6642566651604157
boston,2025-07-09,4426,4426,0.6647085404428378
boston,2025-07-10,4426,4426,0.6633529145955717
boston,2025-07-11,4426,4426,0.6570266606416629
boston,2025-07-12,4426,4426,0.6563488477180298
boston,2025-07-13,4426,4426,0.6592860370537732
boston,2025-07-14,4426,4426,0.6545413465883416
boston,2025-07-15,4426,4426,0.6516041572525982
boston,2025-07-16,4426,4426,0.6529597830998645
boston,2025-07-17,4426,4426,0.6570266606416629
boston,2025-07-18,4426,4426,0.6635788522367827
boston,2025-07-19,4426,4426,0.6626751016719385
boston,2025-07-20,4426,4426,0.6687754179846362
boston,2025-07-21,4426,4426,0.6676457297785812
boston,2025-07-22,4426,4426,0.6660641662901039
boston,2025-07-23,4426,4426,0.6064166290103932
boston,2025-07-24,4426,4426,0.5985088115680073
boston,2025-07-25,4426,4426,0.59692724807953
boston,2025-07-26,4426,4426,0.605512878445549
boston,2025-07-27,4426,4426,0.6059647537279711
boston,2025-07-28,4426,4426,0.6111613194758246
boston,2025-07-29,4426,4426,0.6134206958879349
boston,2025-07-30,4426,4426,0.6127428829643019
boston,2025-07-31,4426,4426,0.6154541346588341
boston,2025-08-01,4426,4426,0.6095797559873475
boston,2025-08-02,4426,4426,0.614098508811568
boston,2025-08-03,4426,4426,0.6152281970176231
boston,2025-08-04,4426,4426,0.6154541346588341
boston,2025-08-05,4426,4426,0.6159060099412562
boston,2025-08-06,4426,4426,0.6172616357885223
boston,2025-08-07,4426,4426,0.6177135110709444
boston,2025-08-08,4426,4426,0.6204247627654768
boston,2025-08-09,4426,4426,0.6213285133303208
boston,2025-08-10,4426,4426,0.6258472661545413
boston,2025-08-11,4426,4426,0.6274288296430185
boston,2025-08-12,4426,4426,0.6285585178490737
boston,2025-08-13,4426,4426,0.6276547672842295
boston,2025-08-14,4426,4426,0.622232263895165
boston,2025-08-15,4426,4426,0.623136014460009
boston,2025-08-16,4426,4426,0.6265250790781745
boston,2025-08-17,4426,4426,0.631495707184817
boston,2025-08-18,4426,4426,0.6321735201084501
boston,2025-08-19,4426,4426,0.6330772706732942
boston,2025-08-20,4426,4426,0.6333032083145052
boston,2025-08-21,4426,4426,0.631495707184817
boston,2025-08-22,4426,4426,0.6113872571170357
boston,2025-08-23,4426,4426,0.6091278807049254
boston,2025-08-24,4426,4426,0.6095797559873475
boston,2025-08-25,4426,4426,0.6075463172164483
boston,2025-08-26,4426,4426,0.6070944419340262
boston,2025-08-27,4426,4426,0.6061906913691821
boston,2025-08-28,4426,4426,0.6059647537279711
boston,2025-08-29,4426,4426,0.6041572525982829
boston,2025-08-30,4426,4426,0.596249435155897
boston,2025-08-31,4426,4426,0.6007681879801174
boston,2025-09-01,4426,4426,0.587663804789878
boston,2025-09-02,4426,4426,0.587437867148667
boston,2025-09-03,4426,4426,0.5887934929959331
boston,2025-09-04,4426,4426,0.5901491188431993
boston,2025-09-05,4426,4426,0.588567555354722
boston,2025-09-06,4426,4426,0.5865341165838228
boston,2025-09-07,4426,4426,0.5867600542250339
boston,2025-09-08,4426,4426,0.5915047446904654
boston,2025-09-09,4426,4426,0.5919566199728875
boston,2025-09-10,4426,4426,0.5930863081789426
boston,2025-09-11,4426,4426,0.5901491188431993
boston,2025-09-12,4426,4426,0.5865341165838228
boston,2025-09-13,4426,4426,0.5865341165838228
boston,2025-09-14,4426,4426,0.5948938093086308
boston,2025-09-15,4426,4426,0.5935381834613647
boston,2025-09-16,4426,4426,0.5948938093086308
boston,2025-09-17,4426,4426,0.5955716222322639
boston,2025-09-18,4426,4426,0.5924084952553096
boston,2025-09-19,4426,4426,0.5928603705377316
boston,2025-09-20,4426,4426,0.5933122458201536
boston,2025-09-21,4426,4426,0.596249435155897
boston,2025-09-22,4426,4426,0.5978309986443742
boston,2025-09-23,4426,4426,0.5987347492092182
boston,2025-09-24,4426,4426,0.5996384997740624
boston,2025-09-25,4426,4426,0.5955716222322639
boston,2025-09-26,4426,4426,0.5910528694080434
boston,2025-09-27,4426,4426,0.5906009941256213
boston,2025-09-28,4426,4426,0.5953456845910529
boston,2025-09-29,4426,4426,0.5976050610031631
boston,2025-09-30,4426,4426,0.5978309986443742
boston,2025-10-01,4426,4426,0.5953456845910529
boston,2025-10-02,4426,4426,0.5944419340262088
boston,2025-10-03,4426,4426,0.5955716222322639
boston,2025-10-04,4426,4426,0.5933122458201536
boston,2025-10-05,4426,4426,0.5937641211025757
boston,2025-10-06,4426,4426,0.5935381834613647
boston,2025-10-07,4426,4426,0.5953456845910529
boston,2025-10-08,4426,4426,0.5924084952553096
boston,2025-10-09,4426,4426,0.5908269317668323
boston,2025-10-10,4426,4426,0.588567555354722
boston,2025-10-11,4426,4426,0.588567555354722
boston,2025-10-12,4426,4426,0.5942159963849978
boston,2025-10-13,4426,4426,0.596023497514686
boston,2025-10-14,4426,4426,0.59692724807953
boston,2025-10-15,4426,4426,0.5951197469498418
boston,2025-10-16,4426,4426,0.5887934929959331
boston,2025-10-17,4426,4426,0.588567555354722
boston,2025-10-18,4426,4426,0.5867600542250339
boston,2025-10-19,4426,4426,0.6000903750564844
boston,2025-10-20,4426,4426,0.6023497514685947
boston,2025-10-21,4426,4426,0.5201084500677813
boston,2025-10-22,4426,4426,0.5183009489380931
boston,2025-10-23,4426,4426,0.5167193854496159
boston,2025-10-24,4426,4426,0.5151378219611388
boston,2025-10-25,4426,4426,0.5103931314957072
boston,2025-10-26,4426,4426,0.5112968820605512
boston,2025-10-27,4426,4426,0.5117487573429733
boston,2025-10-28,4426,4426,0.5112968820605512
boston,2025-10-29,4426,4426,0.5074559421599638
boston,2025-10-30,4426,4426,0.5036150022593764
boston,2025-10-31,4426,4426,0.5047446904654316
boston,2025-11-01,4426,4426,0.5042928151830095
boston,2025-11-02,4426,4426,0.5004518752824221
boston,2025-11-03,4426,4426,0.5015815634884772
boston,2025-11-04,4426,4426,0.5022593764121103
boston,2025-11-05,4426,4426,0.5027112516945323
boston,2025-11-06,4426,4426,0.5004518752824221
boston,2025-11-07,4426,4426,0.5011296882060551
boston,2025-11-08,4426,4426,0.5022593764121103
boston,2025-11-09,4426,4426,0.5
boston,2025-11-10,4426,4426,0.5020334387708992
boston,2025-11-11,4426,4426,0.5022593764121103
boston,2025-11-12,4426,4426,0.5027112516945323
boston,2025-11-13,4426,4426,0.5033890646181653
boston,2025-11-14,4426,4426,0.5029371893357434
boston,2025-11-15,4426,4426,0.5029371893357434
boston,2025-11-16,4426,4426,0.5033890646181653
boston,2025-11-17,4426,4426,0.5018075011296882
boston,2025-11-18,4426,4426,0.5022593764121103
boston,2025-11-19,4426,4426,0.5027112516945323
boston,2025-11-20,4426,4426,0.5036150022593764
boston,2025-11-21,4426,4426,0.5031631269769543
boston,2025-11-22,4426,4426,0.5029371893357434
boston,2025-11-23,4426,4426,0.5022593764121103
boston,2025-11-24,4426,4426,0.5020334387708992
boston,2025-11-25,4426,4426,0.500225937641211
boston,2025-11-26,4426,4426,0.5006778129236331
boston,2025-11-27,4426,4426,0.4990962494351559
boston,2025-11-28,4426,4426,0.5004518752824221
boston,2025-11-29,4426,4426,0.49977406235878896
boston,2025-11-30,4426,4426,0.4986443741527338
boston,2025-12-01,4426,4426,0.49887031179394487
chicago,2025-06-01,8741,8741,0.6452350989589292
chicago,2025-06-02,8741,8741,0.666056515272852
chicago,2025-06-03,8741,8741,0.6848186706326507
chicago,2025-06-04,8741,8741,0.6817297792014644
chicago,2025-06-05,8741,8741,0.6460359226633108
chicago,2025-06-06,8741,8741,0.6170918659192313
chicago,2025-06-07,8741,8741,0.6116005033748999
chicago,2025-06-08,8741,8741,0.6492392174808375
chicago,2025-06-09,8741,8741,0.6715478778171834
chicago,2025-06-10,8741,8741,0.6780688708385768
chicago,2025-06-11,8741,8741,0.6702894405674408
chicago,2025-06-12,8741,8741,0.6429470312321245
chicago,2025-06-13,8741,8741,0.6202951607367578
chicago,2025-06-14,8741,8741,0.6173206726919117
chicago,2025-06-15,8741,8741,0.6426038210731038
chicago,2025-06-16,8741,8741,0.6669717423635739
chicago,2025-06-17,8741,8741,0.6773824505205354
chicago,2025-06-18,8741,8741,0.6739503489303283
chicago,2025-06-19,8741,8741,0.6477519734584144
chicago,2025-06-20,8741,8741,0.6315066925981009
chicago,2025-06-21,8741,8741,0.6324219196888228
chicago,2025-06-22,8741,8741,0.6678869694542958
chicago,2025-06-23,8741,8741,0.6851618807916714
chicago,2025-06-24,8741,8741,0.680585745338062
chicago,2025-06-25,8741,8741,0.6403157533462991
chicago,2025-06-26,8741,8741,0.6192655302596957
chicago,2025-06-27,8741,8741,0.6423750143004233
chicago,2025-06-28,8741,8741,0.6575906646836747
chicago,2025-06-29,8741,8741,0.6818441825878045
chicago,2025-06-30,8741,8741,0.6911108568813636
chicago,2025-07-01,8741,8741,0.6896236128589406
chicago,2025-07-02,8741,8741,0.6863059146550738
chicago,2025-07-03,8741,8741,0.6722342981352248
chicago,2025-07-04,8741,8741,0.6663997254318728
chicago,2025-07-05,8741,8741,0.6683445829996568
chicago,2025-07-06,8741,8741,0.6834458299965679
chicago,2025-07-07,8741,8741,0.6911108568813636
chicago,2025-07-08,8741,8741,0.6930557144491477
chicago,2025-07-09,8741,8741,0.6917972771994051
chicago,2025-07-10,8741,8741,0.6781832742249171
chicago,2025-07-11,8741,8741,0.6683445829996568
chicago,2025-07-12,8741,8741,0.6714334744308431
chicago,2025-07-13,8741,8741,0.6875643519048164
chicago,2025-07-14,8741,8741,0.6913396636540442
chicago,2025-07-15,8741,8741,0.6948861686305915
chicago,2025-07-16,8741,8741,0.690310033176982
chicago,2025-07-17,8741,8741,0.6721198947488846
chicago,2025-07-18,8741,8741,0.6586202951607367
chicago,2025-07-19,8741,8741,0.6585058917743966
chicago,2025-07-20,8741,8741,0.6823017961331656
chicago,2025-07-21,8741,8741,0.690767646722343
chicago,2025-07-22,8741,8741,0.6924836975174465
chicago,2025-07-23,8741,8741,0.6932845212218282
chicago,2025-07-24,8741,8741,0.6869923349731152
chicago,2025-07-25,8741,8741,0.6818441825878045
chicago,2025-07-26,8741,8741,0.6821873927468253
chicago,2025-07-27,8741,8741,0.6929413110628074
chicago,2025-07-28,8741,8741,0.700491934561263
chicago,2025-07-29,8741,8741,0.6994623040842008
chicago,2025-07-30,8741,8741,0.6860771078823933
chicago,2025-07-31,8741,8741,0.668916599931358
chicago,2025-08-01,8741,8741,0.6614803798192427
chicago,2025-08-02,8741,8741,0.6663997254318728
chicago,2025-08-03,8741,8741,0.6871067383594555
chicago,2025-08-04,8741,8741,0.7058688937192541
chicago,2025-08-05,8741,8741,0.7127330968996682
chicago,2025-08-06,8741,8741,0.7120466765816268
chicago,2025-08-07,8741,8741,0.7022079853563665
chicago,2025-08-08,8741,8741,0.6905388399496625
chicago,2025-08-09,8741,8741,0.6939709415398696
chicago,2025-08-10,8741,8741,0.7074705411280174
chicago,2025-08-11,8741,8741,0.7234870152156504
chicago,2025-08-12,8741,8741,0.7274911337375586
chicago,2025-08-13,8741,8741,0.7246310490790527
chicago,2025-08-14,8741,8741,0.7182244594439996
chicago,2025-08-15,8741,8741,0.618007093009953
chicago,2025-08-16,8741,8741,0.618464706555314
chicago,2025-08-17,8741,8741,0.6182358997826336
chicago,2025-08-18,8741,8741,0.6129733440109827
chicago,2025-08-19,8741,8741,0.6124013270792815
chicago,2025-08-20,8741,8741,0.6122869236929414
chicago,2025-08-21,8741,8741,0.609198032261755
chicago,2025-08-22,8741,8741,0.6063379476032491
chicago,2025-08-23,8741,8741,0.6088548221027342
chicago,2025-08-24,8741,8741,0.6161766388285094
chicago,2025-08-25,8741,8741,0.6197231438050567
chicago,2025-08-26,8741,8741,0.6172062693055714
chicago,2025-08-27,8741,8741,0.6024482324676811
chicago,2025-08-28,8741,8741,0.5746482095870038
chicago,2025-08-29,8741,8741,0.5601189795217938
chicago,2025-08-30,8741,8741,0.5531403729550395
chicago,2025-08-31,8741,8741,0.5677840064065897
chicago,2025-09-01,8741,8741,0.5981009037867521
chicago,2025-09-02,8741,8741,0.6200663539640774
chicago,2025-09-03,8741,8741,0.6238416657133051
chicago,2025-09-04,8741,8741,0.6220112115318613
chicago,2025-09-05,8741,8741,0.6150326049651069
chicago,2025-09-06,8741,8741,0.6142317812607253
chicago,2025-09-07,8741,8741,0.6193799336460359
chicago,2025-09-08,8741,8741,0.6197231438050567
chicago,2025-09-09,8741,8741,0.6209815810547992
chicago,2025-09-10,8741,8741,0.6193799336460359
chicago,2025-09-11,8741,8741,0.6162910422148495
chicago,2025-09-12,8741,8741,0.6193799336460359
chicago,2025-09-13,8741,8741,0.6186935133279945
chicago,2025-09-14,8741,8741,0.6223544216908821
chicago,2025-09-15,8741,8741,0.6262441368264501
chicago,2025-09-16,8741,8741,0.6252145063493879
chicago,2025-09-17,8741,8741,0.6241848758723259
chicago,2025-09-18,8741,8741,0.6119437135339206
chicago,2025-09-19,8741,8741,0.6085116119437135
chicago,2025-09-20,8741,8741,0.6090836288754147
chicago,2025-09-21,8741,8741,0.6133165541700034
chicago,2025-09-22,8741,8741,0.6234984555542844
chicago,2025-09-23,8741,8741,0.626701750371811
chicago,2025-09-24,8741,8741,0.626701750371811
chicago,2025-09-25,8741,8741,0.6220112115318613
chicago,2025-09-26,8741,8741,0.6192655302596957
chicago,2025-09-27,8741,8741,0.6192655302596957
chicago,2025-09-28,8741,8741,0.6226976318499028
chicago,2025-09-29,8741,8741,0.6262441368264501
chicago,2025-09-30,8741,8741,0.6291042214849559
chicago,2025-10-01,8741,8741,0.6259009266674294
chicago,2025-10-02,8741,8741,0.6244136826450063
chicago,2025-10-03,8741,8741,0.620867177668459
chicago,2025-10-04,8741,8741,0.6205239675094383
chicago,2025-10-05,8741,8741,0.6257865232810891
chicago,2025-10-06,8741,8741,0.6246424894176867
chicago,2025-10-07,8741,8741,0.6200663539640774
chicago,2025-10-08,8741,8741,0.6039354764901042
chicago,2025-10-09,8741,8741,0.5501658849101934
chicago,2025-10-10,8741,8741,0.47957899553826794
chicago,2025-10-11,8741,8741,0.4673378331998627
chicago,2025-10-12,8741,8741,0.48163825649239217
chicago,2025-10-13,8741,8741,0.5540556000457614
chicago,2025-10-14,8741,8741,0.5953552225145864
chicago,2025-10-15,8741,8741,0.6102276627388171
chicago,2025-10-16,8741,8741,0.6186935133279945
chicago,2025-10-17,8741,8741,0.6205239675094383
chicago,2025-10-18,8741,8741,0.6230408420089235
chicago,2025-10-19,8741,8741,0.6260153300537696
chicago,2025-10-20,8741,8741,0.6264729435991305
chicago,2025-10-21,8741,8741,0.6288754147122755
chicago,2025-10-22,8741,8741,0.6299050451893377
chicago,2025-10-23,8741,8741,0.630591465507379
chicago,2025-10-24,8741,8741,0.6296762384166571
chicago,2025-10-25,8741,8741,0.6289898180986158
chicago,2025-10-26,8741,8741,0.6291042214849559
chicago,2025-10-27,8741,8741,0.6295618350303169
chicago,2025-10-28,8741,8741,0.6294474316439767
chicago,2025-10-29,8741,8741,0.6313922892117607
chicago,2025-10-30,8741,8741,0.6316210959844412
chicago,2025-10-31,8741,8741,0.6291042214849559
chicago,2025-11-01,8741,8741,0.6200663539640774
chicago,2025-11-02,8741,8741,0.6233840521679441
chicago,2025-11-03,8741,8741,0.6244136826450063
chicago,2025-11-04,8741,8741,0.6244136826450063
chicago,2025-11-05,8741,8741,0.6233840521679441
chicago,2025-11-06,8741,8741,0.6224688250772222
chicago,2025-11-07,8741,8741,0.6223544216908821
chicago,2025-11-08,8741,8741,0.6230408420089235
chicago,2025-11-09,8741,8741,0.6246424894176867
chicago,2025-11-10,8741,8741,0.6254433131220685
chicago,2025-11-11,8741,8741,0.6253289097357282
chicago,2025-11-12,8741,8741,0.6245280860313466
chicago,2025-11-13,8741,8741,0.5332341837318385
chicago,2025-11-14,8741,8741,0.5259123670060634
chicago,2025-11-15,8741,8741,0.5255691568470426
chicago,2025-11-16,8741,8741,0.5287724516645693
chicago,2025-11-17,8741,8741,0.5275140144148267
chicago,2025-11-18,8741,8741,0.5275140144148267
chicago,2025-11-19,8741,8741,0.5277428211875071
chicago,2025-11-20,8741,8741,0.5276284178011669
chicago,2025-11-21,8741,8741,0.5278572245738474
chicago,2025-11-22,8741,8741,0.5273996110284864
chicago,2025-11-23,8741,8741,0.528200434732868
chicago,2025-11-24,8741,8741,0.5276284178011669
chicago,2025-11-25,8741,8741,0.5269419974831255
chicago,2025-11-26,8741,8741,0.5245395263699806
chicago,2025-11-27,8741,8741,0.5243107195973001
chicago,2025-11-28,8741,8741,0.5243107195973001
chicago,2025-11-29,8741,8741,0.5260267703924036
chicago,2025-11-30,8741,8741,0.5280860313465279
chicago,2025-12-01,8741,8741,0.5276284178011669
los-angeles,2025-06-01,45008,45008,0.5812300035549236
los-angeles,2025-06-02,45008,45008,0.6009376110913616
los-angeles,2025-06-03,45008,45008,0.6053590472804835
los-angeles,2025-06-04,45008,45008,0.6047369356558834
los-angeles,2025-06-05,45008,45008,0.601315321720583
los-angeles,2025-06-06,45008,45008,0.5948498044792037
los-angeles,2025-06-07,45008,45008,0.5934278350515464
los-angeles,2025-06-08,45008,45008,0.5993601137575542
los-angeles,2025-06-09,45008,45008,0.6066032705296837
los-angeles,2025-06-10,45008,45008,0.6064699608958407
los-angeles,2025-06-11,45008,45008,0.6037815499466761
los-angeles,2025-06-12,45008,45008,0.5945387486669037
los-angeles,2025-06-13,45008,45008,0.5902728403839318
los-angeles,2025-06-14,45008,45008,0.5881621045147529
los-angeles,2025-06-15,45008,45008,0.5965161749022396
los-angeles,2025-06-16,45008,45008,0.6010709207252044
los-angeles,2025-06-17,45008,45008,0.6014041948098116
los-angeles,2025-06-18,45008,45008,0.5988490934944899
los-angeles,2025-06-19,45008,45008,0.5946498400284393
los-angeles,2025-06-20,45008,45008,0.5892730181301102
los-angeles,2025-06-21,45008,45008,0.5885842516885887
los-angeles,2025-06-22,45008,45008,0.5980492356914326
los-angeles,2025-06-23,45008,45008,0.6047813722004977
los-angeles,2025-06-24,45008,45008,0.6069809811589051
los-angeles,2025-06-25,45008,45008,0.6067365801635265
los-angeles,2025-06-26,45008,45008,0.6050924280127977
los-angeles,2025-06-27,45008,45008,0.6033594027728404
los-angeles,2025-06-28,45008,45008,0.6036482403128333
los-angeles,2025-06-29,45008,45008,0.6086695698542481
los-angeles,2025-06-30,45008,45008,0.61200231070032
los-angeles,2025-07-01,45008,45008,0.6100915392819054
los-angeles,2025-07-02,45008,45008,0.6035815854959118
los-angeles,2025-07-03,45008,45008,0.5958718450053324
los-angeles,2025-07-04,45008,45008,0.5919614290792748
los-angeles,2025-07-05,45008,45008,0.5941166014930679
los-angeles,2025-07-06,45008,45008,0.6027817276928547
los-angeles,2025-07-07,45008,45008,0.6089806256665482
los-angeles,2025-07-08,45008,45008,0.6111135798080342
los-angeles,2025-07-09,45008,45008,0.611246889441877
los-angeles,2025-07-10,45008,45008,0.6094472093849982
los-angeles,2025-07-11,45008,45008,0.6054479203697121
los-angeles,2025-07-12,45008,45008,0.6049369001066477
los-angeles,2025-07-13,45008,45008,0.6079363668681124
los-angeles,2025-07-14,45008,45008,0.6111135798080342
los-angeles,2025-07-15,45008,45008,0.6119578741557057
los-angeles,2025-07-16,45008,45008,0.6114912904372556
los-angeles,2025-07-17,45008,45008,0.6095805190188411
los-angeles,2025-07-18,45008,45008,0.6067587984358336
los-angeles,2025-07-19,45008,45008,0.6068476715250622
los-angeles,2025-07-20,45008,45008,0.610024884464984
los-angeles,2025-07-21,45008,45008,0.6119578741557057
los-angeles,2025-07-22,45008,45008,0.61246889441877
los-angeles,2025-07-23,45008,45008,0.6108691788126556
los-angeles,2025-07-24,45008,45008,0.6052257376466406
los-angeles,2025-07-25,45008,45008,0.590761642374689
los-angeles,2025-07-26,45008,45008,0.5887619978670459
los-angeles,2025-07-27,45008,45008,0.5944720938499822
los-angeles,2025-07-28,45008,45008,0.6110247067188056
los-angeles,2025-07-29,45008,45008,0.6156683256309989
los-angeles,2025-07-30,45008,45008,0.6162237824386776
los-angeles,2025-07-31,45008,45008,0.6178901528617134
los-angeles,2025-08-01,45008,45008,0.6156461073586917
los-angeles,2025-08-02,45008,45008,0.6160460362602204
los-angeles,2025-08-03,45008,45008,0.6184233913970849
los-angeles,2025-08-04,45008,45008,0.6209562744400995
los-angeles,2025-08-05,45008,45008,0.6221338428723783
los-angeles,2025-08-06,45008,45008,0.6223115890508354
los-angeles,2025-08-07,45008,45008,0.6210451475293282
los-angeles,2025-08-08,45008,45008,0.6214672947031639
los-angeles,2025-08-09,45008,45008,0.6225782083185212
los-angeles,2025-08-10,45008,45008,0.6258442943476715
los-angeles,2025-08-11,45008,45008,0.6281327763953075
los-angeles,2025-08-12,45008,45008,0.6285104870245289
los-angeles,2025-08-13,45008,45008,0.6282883043014575
los-angeles,2025-08-14,45008,45008,0.6275106647707074
los-angeles,2025-08-15,45008,45008,0.6252888375399929
los-angeles,2025-08-16,45008,45008,0.6260886953430501
los-angeles,2025-08-17,45008,45008,0.6304434767152506
los-angeles,2025-08-18,45008,45008,0.6323098115890509
los-angeles,2025-08-19,45008,45008,0.6336429079274796
los-angeles,2025-08-20,45008,45008,0.6348426946320654
los-angeles,2025-08-21,45008,45008,0.634153928190544
los-angeles,2025-08-22,45008,45008,0.6337539992890153
los-angeles,2025-08-23,45008,45008,0.6351315321720583
los-angeles,2025-08-24,45008,45008,0.6374866690366157
los-angeles,2025-08-25,45008,45008,0.6390641663704231
los-angeles,2025-08-26,45008,45008,0.6401972982580875
los-angeles,2025-08-27,45008,45008,0.6404861357980803
los-angeles,2025-08-28,45008,45008,0.6398862424457874
los-angeles,2025-08-29,45008,45008,0.5748089228581585
los-angeles,2025-08-30,45008,45008,0.5293503377177391
los-angeles,2025-08-31,45008,45008,0.5330163526484181
los-angeles,2025-09-01,45008,45008,0.5333274084607181
los-angeles,2025-09-02,45008,45008,0.533616246000711
los-angeles,2025-09-03,45008,45008,0.5323053679345894
los-angeles,2025-09-04,45008,45008,0.5283505154639175
los-angeles,2025-09-05,45008,45008,0.5242845716317099
los-angeles,2025-09-06,45008,45008,0.5225071098471383
los-angeles,2025-09-07,45008,45008,0.5255732314255244
los-angeles,2025-09-08,45008,45008,0.5295058656238891
los-angeles,2025-09-09,45008,45008,0.5313499822253821
los-angeles,2025-09-10,45008,45008,0.5314166370423036
los-angeles,2025-09-11,45008,45008,0.530572342694632
los-angeles,2025-09-12,45008,45008,0.5296836118023462
los-angeles,2025-09-13,45008,45008,0.5294614290792748
los-angeles,2025-09-14,45008,45008,0.5309944898684679
los-angeles,2025-09-15,45008,45008,0.5319943121222894
los-angeles,2025-09-16,45008,45008,0.5323053679345894
los-angeles,2025-09-17,45008,45008,0.5321276217561323
los-angeles,2025-09-18,45008,45008,0.5317943476715251
los-angeles,2025-09-19,45008,45008,0.5313055456807678
los-angeles,2025-09-20,45008,45008,0.5310389264130821
los-angeles,2025-09-21,45008,45008,0.5322609313899751
los-angeles,2025-09-22,45008,45008,0.5331496622822609
los-angeles,2025-09-23,45008,45008,0.5337939921791681
los-angeles,2025-09-24,45008,45008,0.5334384998222538
los-angeles,2025-09-25,45008,45008,0.5329274795591895
los-angeles,2025-09-26,45008,45008,0.5326608602915037
los-angeles,2025-09-27,45008,45008,0.5329052612868823
los-angeles,2025-09-28,45008,45008,0.534082829719161
los-angeles,2025-09-29,45008,45008,0.534393885531461
los-angeles,2025-09-30,45008,45008,0.5352159616068255
los-angeles,2025-10-01,45008,45008,0.5347493778883754
los-angeles,2025-10-02,45008,45008,0.5336384642730181
los-angeles,2025-10-03,45008,45008,0.5323498044792037
los-angeles,2025-10-04,45008,45008,0.5321276217561323
los-angeles,2025-10-05,45008,45008,0.5336384642730181
los-angeles,2025-10-06,45008,45008,0.5349493423391397
los-angeles,2025-10-07,45008,45008,0.5353270529683611
los-angeles,2025-10-08,45008,45008,0.5353492712406683
los-angeles,2025-10-09,45008,45008,0.5341272662637754
los-angeles,2025-10-10,45008,45008,0.5339273018130111
los-angeles,2025-10-11,45008,45008,0.5338828652683967
los-angeles,2025-10-12,45008,45008,0.535149306789904
los-angeles,2025-10-13,45008,45008,0.536060255954497
los-angeles,2025-10-14,45008,45008,0.5360824742268041
los-angeles,2025-10-15,45008,45008,0.5358158549591184
los-angeles,2025-10-16,45008,45008,0.535304834696054
los-angeles,2025-10-17,45008,45008,0.5349049057945254
los-angeles,2025-10-18,45008,45008,0.5349715606114469
los-angeles,2025-10-19,45008,45008,0.5359491645929613
los-angeles,2025-10-20,45008,45008,0.5365712762175613
los-angeles,2025-10-21,45008,45008,0.5371267330252399
los-angeles,2025-10-22,45008,45008,0.5367045858514042
los-angeles,2025-10-23,45008,45008,0.5365490579452542
los-angeles,2025-10-24,45008,45008,0.5365490579452542
los-angeles,2025-10-25,45008,45008,0.5364157483114113
los-angeles,2025-10-26,45008,45008,0.5371489512975471
los-angeles,2025-10-27,45008,45008,0.5375044436544615
los-angeles,2025-10-28,45008,45008,0.5375488801990758
los-angeles,2025-10-29,45008,45008,0.5374155705652328
los-angeles,2025-10-30,45008,45008,0.5377932811944544
los-angeles,2025-10-31,45008,45008,0.5382598649129043
los-angeles,2025-11-01,45008,45008,0.5375488801990758
los-angeles,2025-11-02,45008,45008,0.5376821898329186
los-angeles,2025-11-03,45008,45008,0.5380821187344472
los-angeles,2025-11-04,45008,45008,0.5384820476359758
los-angeles,2025-11-05,45008,45008,0.5384598293636687
los-angeles,2025-11-06,45008,45008,0.5381265552790615
los-angeles,2025-11-07,45008,45008,0.5377044081052257
los-angeles,2025-11-08,45008,45008,0.5377044081052257
los-angeles,2025-11-09,45008,45008,0.5383265197298258
los-angeles,2025-11-10,45008,45008,0.5384376110913616
los-angeles,2025-11-11,45008,45008,0.5384820476359758
los-angeles,2025-11-12,45008,45008,0.5381709918236758
los-angeles,2025-11-13,45008,45008,0.5390152861713473
los-angeles,2025-11-14,45008,45008,0.5389486313544258
los-angeles,2025-11-15,45008,45008,0.5391263775328831
los-angeles,2025-11-16,45008,45008,0.5397040526128688
los-angeles,2025-11-17,45008,45008,0.5395040881621045
los-angeles,2025-11-18,45008,45008,0.5396151795236402
los-angeles,2025-11-19,45008,45008,0.5391263775328831
los-angeles,2025-11-20,45008,45008,0.5383043014575186
los-angeles,2025-11-21,45008,45008,0.53790437255599
los-angeles,2025-11-22,45008,45008,0.5374600071098471
los-angeles,2025-11-23,45008,45008,0.5381043370067543
los-angeles,2025-11-24,45008,45008,0.5381043370067543
los-angeles,2025-11-25,45008,45008,0.5374822253821543
los-angeles,2025-11-26,45008,45008,0.5370600782083185
los-angeles,2025-11-27,45008,45008,0.485024884464984
los-angeles,2025-11-28,45008,45008,0.4444987557767508
los-angeles,2025-11-29,45008,45008,0.44536526839672946
los-angeles,2025-11-30,45008,45008,0.4468538926413082
los-angeles,2025-12-01,45008,45008,0.4460318165659438
new-york-city,2025-06-01,37428,37428,0.4477396601474832
new-york-city,2025-06-02,37428,37428,0.4496099177086673
new-york-city,2025-06-03,37428,37428,0.4492091482312707
new-york-city,2025-06-04,37428,37428,0.4484076092764775
new-york-city,2025-06-05,37428,37428,0.44496099177086673
new-york-city,2025-06-06,37428,37428,0.44100673292722026
new-york-city,2025-06-07,37428,37428,0.4399647322859891
new-york-city,2025-06-08,37428,37428,0.44544191514374265
new-york-city,2025-06-09,37428,37428,0.45006412311638344
new-york-city,2025-06-10,37428,37428,0.4520412525382067
new-york-city,2025-06-11,37428,37428,0.4525221759110826
new-york-city,2025-06-12,37428,37428,0.4519610986427274
new-york-city,2025-06-13,37428,37428,0.45206797050336645
new-york-city,2025-06-14,37428,37428,0.4516404830608101
new-york-city,2025-06-15,37428,37428,0.4542588436464679
new-york-city,2025-06-16,37428,37428,0.4550871005664209
new-york-city,2025-06-17,37428,37428,0.45126643154857327
new-york-city,2025-06-18,37428,37428,0.4488083787538741
new-york-city,2025-06-19,37428,37428,0.4491289943357914
new-york-city,2025-06-20,37428,37428,0.44899540450999254
new-york-city,2025-06-21,37428,37428,0.4487282248583948
new-york-city,2025-06-22,37428,37428,0.4531366891097574
new-york-city,2025-06-23,37428,37428,0.4542054077161483
new-york-city,2025-06-24,37428,37428,0.453537458587154
new-york-city,2025-06-25,37428,37428,0.4526557657368815
new-york-city,2025-06-26,37428,37428,0.4529229453884792
new-york-city,2025-06-27,37428,37428,0.4522015603291653
new-york-city,2025-06-28,37428,37428,0.4535107406219942
new-york-city,2025-06-29,37428,37428,0.4571176659185636
new-york-city,2025-06-30,37428,37428,0.4623009511595597
new-york-city,2025-07-01,37428,37428,0.4635299775569093
new-york-city,2025-07-02,37428,37428,0.46475900395425884
new-york-city,2025-07-03,37428,37428,0.46363684941754835
new-york-city,2025-07-04,37428,37428,0.46173987389120447
new-york-city,2025-07-05,37428,37428,0.4624612589505183
new-york-city,2025-07-06,37428,37428,0.46462541412846
new-york-city,2025-07-07,37428,37428,0.4650796195361761
new-york-city,2025-07-08,37428,37428,0.46606818424708774
new-york-city,2025-07-09,37428,37428,0.46521320936197497
new-york-city,2025-07-10,37428,37428,0.46494602971037724
new-york-city,2025-07-11,37428,37428,0.46523992732713476
new-york-city,2025-07-12,37428,37428,0.46505290157101636
new-york-city,2025-07-13,37428,37428,0.4684193651811478
new-york-city,2025-07-14,37428,37428,0.46825905739018914
new-york-city,2025-07-15,37428,37428,0.46876669872822485
new-york-city,2025-07-16,37428,37428,0.46948808378753876
new-york-city,2025-07-17,37428,37428,0.4695148017526985
new-york-city,2025-07-18,37428,37428,0.46817890349470986
new-york-city,2025-07-19,37428,37428,0.4688468526237042
new-york-city,2025-07-20,37428,37428,0.4713316233835631
new-york-city,2025-07-21,37428,37428,0.4717591108261195
new-york-city,2025-07-22,37428,37428,0.47186598268675856
new-york-city,2025-07-23,37428,37428,0.47250721385059313
new-york-city,2025-07-24,37428,37428,0.4728545473976702
new-york-city,2025-07-25,37428,37428,0.47138505931388264
new-york-city,2025-07-26,37428,37428,0.4728545473976702
new-york-city,2025-07-27,37428,37428,0.47662178048519827
new-york-city,2025-07-28,37428,37428,0.4777439350219087
new-york-city,2025-07-29,37428,37428,0.4784653200812226
new-york-city,2025-07-30,37428,37428,0.47766378112642943
new-york-city,2025-07-31,37428,37428,0.4802821417120872
new-york-city,2025-08-01,37428,37428,0.4791332692102169
new-york-city,2025-08-02,37428,37428,0.4813241423533184
new-york-city,2025-08-03,37428,37428,0.4851180934060062
new-york-city,2025-08-04,37428,37428,0.48597306829111897
new-york-city,2025-08-05,37428,37428,0.4867211713155926
new-york-city,2025-08-06,37428,37428,0.48674788928075235
new-york-city,2025-08-07,37428,37428,0.4866944533504328
new-york-city,2025-08-08,37428,37428,0.4874158384097467
new-york-city,2025-08-09,37428,37428,0.49230522603398524
new-york-city,2025-08-10,37428,37428,0.4973014855188629
new-york-city,2025-08-11,37428,37428,0.4982900502297745
new-york-city,2025-08-12,37428,37428,0.49903815325424816
new-york-city,2025-08-13,37428,37428,0.49962594848776315
new-york-city,2025-08-14,37428,37428,0.5004542054077161
new-york-city,2025-08-15,37428,37428,0.5003740515122368
new-york-city,2025-08-16,37428,37428,0.5033931815752912
new-york-city,2025-08-17,37428,37428,0.5059848241957893
new-york-city,2025-08-18,37428,37428,0.5067329272202629
new-york-city,2025-08-19,37428,37428,0.5064390296035054
new-york-city,2025-08-20,37428,37428,0.506252003847387
new-york-city,2025-08-21,37428,37428,0.5059581062306294
new-york-city,2025-08-22,37428,37428,0.5050496954151972
new-york-city,2025-08-23,37428,37428,0.5067062092551031
new-york-city,2025-08-24,37428,37428,0.5088970823982045
new-york-city,2025-08-25,37428,37428,0.5087902105375655
new-york-city,2025-08-26,37428,37428,0.5080688254782516
new-york-city,2025-08-27,37428,37428,0.5078016458266539
new-york-city,2025-08-28,37428,37428,0.5041412845997649
new-york-city,2025-08-29,37428,37428,0.4668162872715614
new-york-city,2025-08-30,37428,37428,0.4417548359516939
new-york-city,2025-08-31,37428,37428,0.4466175056107727
new-york-city,2025-09-01,37428,37428,0.44504114566634606
new-york-city,2025-09-02,37428,37428,0.445522069039222
new-york-city,2025-09-03,37428,37428,0.4448808378753874
new-york-city,2025-09-04,37428,37428,0.44453350432831035
new-york-city,2025-09-05,37428,37428,0.44434647857219195
new-york-city,2025-09-06,37428,37428,0.4440792989205942
new-york-city,2025-09-07,37428,37428,0.4458961205514588
new-york-city,2025-09-08,37428,37428,0.4458159666559795
new-york-city,2025-09-09,37428,37428,0.4461900181682163
new-york-city,2025-09-10,37428,37428,0.4457892486908197
new-york-city,2025-09-11,37428,37428,0.4446136582237897
new-york-city,2025-09-12,37428,37428,0.4442930426418724
new-york-city,2025-09-13,37428,37428,0.44383883723415624
new-york-city,2025-09-14,37428,37428,0.44477396601474833
new-york-city,2025-09-15,37428,37428,0.4450678636315058
new-york-city,2025-09-16,37428,37428,0.4445869402586299
new-york-city,2025-09-17,37428,37428,0.4441861707812333
new-york-city,2025-09-18,37428,37428,0.4429037084535642
new-york-city,2025-09-19,37428,37428,0.44210216949877096
new-york-city,2025-09-20,37428,37428,0.4419685796729721
new-york-city,2025-09-21,37428,37428,0.44301058031420326
new-york-city,2025-09-22,37428,37428,0.4423960671155285
new-york-city,2025-09-23,37428,37428,0.44250293897616755
new-york-city,2025-09-24,37428,37428,0.44146093833493644
new-york-city,2025-09-25,37428,37428,0.44122047664849845
new-york-city,2025-09-26,37428,37428,0.4408731431014214
new-york-city,2025-09-27,37428,37428,0.44183498984717323
new-york-city,2025-09-28,37428,37428,0.4446136582237897
new-york-city,2025-09-29,37428,37428,0.44915571230095114
new-york-city,2025-09-30,37428,37428,0.45030458480282143
new-york-city,2025-10-01,37428,37428,0.44814042962487977
new-york-city,2025-10-02,37428,37428,0.4480335577642407
new-york-city,2025-10-03,37428,37428,0.44765950625200385
new-york-city,2025-10-04,37428,37428,0.44816714759003956
new-york-city,2025-10-05,37428,37428,0.448701506893235
new-york-city,2025-10-06,37428,37428,0.44854119910227636
new-york-city,2025-10-07,37428,37428,0.4484343272416373
new-york-city,2025-10-08,37428,37428,0.4480335577642407
new-york-city,2025-10-09,37428,37428,0.44811371165971997
new-york-city,2025-10-10,37428,37428,0.4468846852623704
new-york-city,2025-10-11,37428,37428,0.44704499305332907
new-york-city,2025-10-12,37428,37428,0.44915571230095114
new-york-city,2025-10-13,37428,37428,0.4495030458480282
new-york-city,2025-10-14,37428,37428,0.449529763813188
new-york-city,2025-10-15,37428,37428,0.4490221224751523
new-york-city,2025-10-16,37428,37428,0.44854119910227636
new-york-city,2025-10-17,37428,37428,0.44832745538099816
new-york-city,2025-10-18,37428,37428,0.4479266859036016
new-york-city,2025-10-19,37428,37428,0.4486747889280752
new-york-city,2025-10-20,37428,37428,0.4484076092764775
new-york-city,2025-10-21,37428,37428,0.4485144811371166
new-york-city,2025-10-22,37428,37428,0.4488885326493534
new-york-city,2025-10-23,37428,37428,0.44915571230095114
new-york-city,2025-10-24,37428,37428,0.44947632788286845
new-york-city,2025-10-25,37428,37428,0.44894196857967295
new-york-city,2025-10-26,37428,37428,0.449770225499626
new-york-city,2025-10-27,37428,37428,0.44987709736026504
new-york-city,2025-10-28,37428,37428,0.4498236614299455
new-york-city,2025-10-29,37428,37428,0.44936945602222933
new-york-city,2025-10-30,37428,37428,0.4468045313668911
new-york-city,2025-10-31,37428,37428,0.44493427380570694
new-york-city,2025-11-01,37428,37428,0.4454953510740622
new-york-city,2025-11-02,37428,37428,0.4479801218339211
new-york-city,2025-11-03,37428,37428,0.45340386876135513
new-york-city,2025-11-04,37428,37428,0.4553275622528588
new-york-city,2025-11-05,37428,37428,0.4560222293470129
new-york-city,2025-11-06,37428,37428,0.4570909479534039
new-york-city,2025-11-07,37428,37428,0.45754515336112
new-york-city,2025-11-08,37428,37428,0.4581596665597948
new-york-city,2025-11-09,37428,37428,0.4590947953403869
new-york-city,2025-11-10,37428,37428,0.45965587260874213
new-york-city,2025-11-11,37428,37428,0.46002992412097893
new-york-city,2025-11-12,37428,37428,0.46029710377257665
new-york-city,2025-11-13,37428,37428,0.4602169498770974
new-york-city,2025-11-14,37428,37428,0.46011007801645826
new-york-city,2025-11-15,37428,37428,0.46029710377257665
new-york-city,2025-11-16,37428,37428,0.4613391044138078
new-york-city,2025-11-17,37428,37428,0.4615795661002458
new-york-city,2025-11-18,37428,37428,0.4610719247622101
new-york-city,2025-11-19,37428,37428,0.4604841295286951
new-york-city,2025-11-20,37428,37428,0.46061771935449397
new-york-city,2025-11-21,37428,37428,0.45941541092230415
new-york-city,2025-11-22,37428,37428,0.4594955648177835
new-york-city,2025-11-23,37428,37428,0.4598696163300203
new-york-city,2025-11-24,37428,37428,0.4584535641765523
new-york-city,2025-11-25,37428,37428,0.45807951266431546
new-york-city,2025-11-26,37428,37428,0.4555680239392968
new-york-city,2025-11-27,37428,37428,0.41014748316768196
new-york-city,2025-11-28,37428,37428,0.3916052153467992
new-york-city,2025-11-29,37428,37428,0.3927006519183499
new-york-city,2025-11-30,37428,37428,0.3946243454098536
new-york-city,2025-12-01,37428,37428,0.3926204980228706
san-francisco,2025-06-01,7817,7817,0.527312268133555
san-francisco,2025-06-02,7817,7817,0.5294870154790841
san-francisco,2025-06-03,7817,7817,0.5323013943968274
san-francisco,2025-06-04,7817,7817,0.5315338365101702
san-francisco,2025-06-05,7817,7817,0.5329410259690418
san-francisco,2025-06-06,7817,7817,0.534859920685685
san-francisco,2025-06-07,7817,7817,0.5349878470001279
san-francisco,2025-06-08,7817,7817,0.5358833312012281
san-francisco,2025-06-09,7817,7817,0.540232825892286
san-francisco,2025-06-10,7817,7817,0.5393373416911859
san-francisco,2025-06-11,7817,7817,0.5381860048611999
san-francisco,2025-06-12,7817,7817,0.5408724574645004
san-francisco,2025-06-13,7817,7817,0.5374184469745427
san-francisco,2025-06-14,7817,7817,0.5378022259178713
san-francisco,2025-06-15,7817,7817,0.5426634258667008
san-francisco,2025-06-16,7817,7817,0.5462453626711015
san-francisco,2025-06-17,7817,7817,0.5427913521811437
san-francisco,2025-06-18,7817,7817,0.5411283100933862
san-francisco,2025-06-19,7817,7817,0.5388256364334143
san-francisco,2025-06-20,7817,7817,0.5358833312012281
san-francisco,2025-06-21,7817,7817,0.5378022259178713
san-francisco,2025-06-22,7817,7817,0.5399769732634003
san-francisco,2025-06-23,7817,7817,0.5453498784700013
san-francisco,2025-06-24,7817,7817,0.5441985416400154
san-francisco,2025-06-25,7817,7817,0.5411283100933862
san-francisco,2025-06-26,7817,7817,0.5415120890367149
san-francisco,2025-06-27,7817,7817,0.5372905206600997
san-francisco,2025-06-28,7817,7817,0.5344761417423564
san-francisco,2025-06-29,7817,7817,0.5353716259434566
san-francisco,2025-06-30,7817,7817,0.5443264679544583
san-francisco,2025-07-01,7817,7817,0.5461174363566585
san-francisco,2025-07-02,7817,7817,0.5507227836766023
san-francisco,2025-07-03,7817,7817,0.5470129205577587
san-francisco,2025-07-04,7817,7817,0.5429192784955865
san-francisco,2025-07-05,7817,7817,0.5433030574389152
san-francisco,2025-07-06,7817,7817,0.5462453626711015
san-francisco,2025-07-07,7817,7817,0.5473966995010874
san-francisco,2025-07-08,7817,7817,0.5496993731610592
san-francisco,2025-07-09,7817,7817,0.5496993731610592
san-francisco,2025-07-10,7817,7817,0.5450940258411155
san-francisco,2025-07-11,7817,7817,0.540360752206729
san-francisco,2025-07-12,7817,7817,0.5426634258667008
san-francisco,2025-07-13,7817,7817,0.5466291416144301
san-francisco,2025-07-14,7817,7817,0.5490597415888449
san-francisco,2025-07-15,7817,7817,0.550978636305488
san-francisco,2025-07-16,7817,7817,0.5512344889343738
san-francisco,2025-07-17,7817,7817,0.5480363310733017
san-francisco,2025-07-18,7817,7817,0.5449660995266726
san-francisco,2025-07-19,7817,7817,0.5443264679544583
san-francisco,2025-07-20,7817,7817,0.5504669310477165
san-francisco,2025-07-21,7817,7817,0.554304720481003
san-francisco,2025-07-22,7817,7817,0.5544326467954458
san-francisco,2025-07-23,7817,7817,0.5537930152232314
san-francisco,2025-07-24,7817,7817,0.547780478444416
san-francisco,2025-07-25,7817,7817,0.5415120890367149
san-francisco,2025-07-26,7817,7817,0.540232825892286
san-francisco,2025-07-27,7817,7817,0.546757067928873
san-francisco,2025-07-28,7817,7817,0.553153383651017
san-francisco,2025-07-29,7817,7817,0.5558398362543175
san-francisco,2025-07-30,7817,7817,0.5550722783676603
san-francisco,2025-07-31,7817,7817,0.5568632467698605
san-francisco,2025-08-01,7817,7817,0.5545605731098887
san-francisco,2025-08-02,7817,7817,0.5559677625687603
san-francisco,2025-08-03,7817,7817,0.5581425099142894
san-francisco,2025-08-04,7817,7817,0.56172444671869
san-francisco,2025-08-05,7817,7817,0.5605731098887041
san-francisco,2025-08-06,7817,7817,0.5577587309709607
san-francisco,2025-08-07,7817,7817,0.5472687731866445
san-francisco,2025-08-08,7817,7817,0.543558910067801
san-francisco,2025-08-09,7817,7817,0.5491876679032877
san-francisco,2025-08-10,7817,7817,0.5600614046309326
san-francisco,2025-08-11,7817,7817,0.5761801202507356
san-francisco,2025-08-12,7817,7817,0.5763080465651784
san-francisco,2025-08-13,7817,7817,0.5740053729052066
san-francisco,2025-08-14,7817,7817,0.5644108993219905
san-francisco,2025-08-15,7817,7817,0.5601893309453755
san-francisco,2025-08-16,7817,7817,0.5706792887296916
san-francisco,2025-08-17,7817,7817,0.5806575412562364
san-francisco,2025-08-18,7817,7817,0.5884610464372522
san-francisco,2025-08-19,7817,7817,0.5896123832672381
san-francisco,2025-08-20,7817,7817,0.5919150569272099
san-francisco,2025-08-21,7817,7817,0.5903799411538954
san-francisco,2025-08-22,7817,7817,0.5894844569527952
san-francisco,2025-08-23,7817,7817,0.5930663937571958
san-francisco,2025-08-24,7817,7817,0.5986951515926826
san-francisco,2025-08-25,7817,7817,0.5997185621082257
san-francisco,2025-08-26,7817,7817,0.6009978252526544
san-francisco,2025-08-27,7817,7817,0.599334783164897
san-francisco,2025-08-28,7817,7817,0.47908404758858897
san-francisco,2025-08-29,7817,7817,0.47678137392861714
san-francisco,2025-08-30,7817,7817,0.47870026864526033
san-francisco,2025-08-31,7817,7817,0.48304976333631827
san-francisco,2025-09-01,7817,7817,0.480107458104132
san-francisco,2025-09-02,7817,7817,0.47857234233081747
san-francisco,2025-09-03,7817,7817,0.4788281949597032
san-francisco,2025-09-04,7817,7817,0.47997953178968916
san-francisco,2025-09-05,7817,7817,0.47908404758858897
san-francisco,2025-09-06,7817,7817,0.480107458104132
san-francisco,2025-09-07,7817,7817,0.47921197390303183
san-francisco,2025-09-08,7817,7817,0.4803633107330178
san-francisco,2025-09-09,7817,7817,0.4808750159907893
san-francisco,2025-09-10,7817,7817,0.4789561212741461
san-francisco,2025-09-11,7817,7817,0.4780606370730459
san-francisco,2025-09-12,7817,7817,0.47793271075860305
san-francisco,2025-09-13,7817,7817,0.4778047844441602
san-francisco,2025-09-14,7817,7817,0.4766534476141742
san-francisco,2025-09-15,7817,7817,0.4724318792375592
san-francisco,2025-09-16,7817,7817,0.4717922476653448
san-francisco,2025-09-17,7817,7817,0.47166432135090186
san-francisco,2025-09-18,7817,7817,0.4749904055264168
san-francisco,2025-09-19,7817,7817,0.4729435844953307
san-francisco,2025-09-20,7817,7817,0.47140846872201614
san-francisco,2025-09-21,7817,7817,0.4748624792119739
san-francisco,2025-09-22,7817,7817,0.47703722655750286
san-francisco,2025-09-23,7817,7817,0.4808750159907893
san-francisco,2025-09-24,7817,7817,0.48049123704746066
san-francisco,2025-09-25,7817,7817,0.47908404758858897
san-francisco,2025-09-26,7817,7817,0.4763975949852885
san-francisco,2025-09-27,7817,7817,0.4734552897531022
san-francisco,2025-09-28,7817,7817,0.47255980555200205
san-francisco,2025-09-29,7817,7817,0.4778047844441602
san-francisco,2025-09-30,7817,7817,0.48138672124856086
san-francisco,2025-10-01,7817,7817,0.4794678265319176
san-francisco,2025-10-02,7817,7817,0.48049123704746066
san-francisco,2025-10-03,7817,7817,0.47601381604195986
san-francisco,2025-10-04,7817,7817,0.47537418446974544
san-francisco,2025-10-05,7817,7817,0.47870026864526033
san-francisco,2025-10-06,7817,7817,0.48445695279518997
san-francisco,2025-10-07,7817,7817,0.485480363310733
san-francisco,2025-10-08,7817,7817,0.485480363310733
san-francisco,2025-10-09,7817,7817,0.4850965843674044
san-francisco,2025-10-10,7817,7817,0.4843290264807471
san-francisco,2025-10-11,7817,7817,0.4816425738774466
san-francisco,2025-10-12,7817,7817,0.4820263528207752
san-francisco,2025-10-13,7817,7817,0.47064091083535886
san-francisco,2025-10-14,7817,7817,0.4703850582064731
san-francisco,2025-10-15,7817,7817,0.4710246897786875
san-francisco,2025-10-16,7817,7817,0.4808750159907893
san-francisco,2025-10-17,7817,7817,0.4871434053984905
san-francisco,2025-10-18,7817,7817,0.48778303697070485
san-francisco,2025-10-19,7817,7817,0.4870154790840476
san-francisco,2025-10-20,7817,7817,0.48791096328514777
san-francisco,2025-10-21,7817,7817,0.48791096328514777
san-francisco,2025-10-22,7817,7817,0.4888064474862479
san-francisco,2025-10-23,7817,7817,0.48867852117180505
san-francisco,2025-10-24,7817,7817,0.4895740053729052
san-francisco,2025-10-25,7817,7817,0.4899577843162338
san-francisco,2025-10-26,7817,7817,0.49072534220289116
san-francisco,2025-10-27,7817,7817,0.490853268517334
san-francisco,2025-10-28,7817,7817,0.4911091211462198
san-francisco,2025-10-29,7817,7817,0.49059741588844824
san-francisco,2025-10-30,7817,7817,0.49123704746066266
san-francisco,2025-10-31,7817,7817,0.49123704746066266
san-francisco,2025-11-01,7817,7817,0.49213253166176285
san-francisco,2025-11-02,7817,7817,0.4939235000639632
san-francisco,2025-11-03,7817,7817,0.4941793526928489
san-francisco,2025-11-04,7817,7817,0.4953306895228348
san-francisco,2025-11-05,7817,7817,0.4949469105795062
san-francisco,2025-11-06,7817,7817,0.4944352053217347
san-francisco,2025-11-07,7817,7817,0.49456313163617754
san-francisco,2025-11-08,7817,7817,0.49520276320839196
san-francisco,2025-11-09,7817,7817,0.49597032109504924
san-francisco,2025-11-10,7817,7817,0.4969937316105923
san-francisco,2025-11-11,7817,7817,0.49776128949724957
san-francisco,2025-11-12,7817,7817,0.496226173723935
san-francisco,2025-11-13,7817,7817,0.49750543686836385
san-francisco,2025-11-14,7817,7817,0.49724958423947807
san-francisco,2025-11-15,7817,7817,0.4957144684661635
san-francisco,2025-11-16,7817,7817,0.49328386849174877
san-francisco,2025-11-17,7817,7817,0.49315594217730585
san-francisco,2025-11-18,7817,7817,0.49341179480619163
san-francisco,2025-11-19,7817,7817,0.4936676474350774
san-francisco,2025-11-20,7817,7817,0.4939235000639632
san-francisco,2025-11-21,7817,7817,0.49686580529614943
san-francisco,2025-11-22,7817,7817,0.49597032109504924
san-francisco,2025-11-23,7817,7817,0.49609824740949215
san-francisco,2025-11-24,7817,7817,0.4967378789817065
san-francisco,2025-11-25,7817,7817,0.49660995266726365
san-francisco,2025-11-26,7817,7817,0.4220289113470641
san-francisco,2025-11-27,7817,7817,0.42100550083152105
san-francisco,2025-11-28,7817,7817,0.4220289113470641
san-francisco,2025-11-29,7817,7817,0.4226685429192785
san-francisco,2025-11-30,7817,7817,0.4234361008059358
san-francisco,2025-12-01,7817,7817,0.42381987974926444
seattle,2025-06-01,6762,6762,0.6103223898254955
seattle,2025-06-02,6762,6762,0.6144631765749778
seattle,2025-06-03,6762,6762,0.6153504880212954
seattle,2025-06-04,6762,6762,0.6073646850044365
seattle,2025-06-05,6762,6762,0.5921325051759835
seattle,2025-06-06,6762,6762,0.5837030464359657
seattle,2025-06-07,6762,6762,0.5760130139012126
seattle,2025-06-08,6762,6762,0.5831115054717539
seattle,2025-06-09,6762,6762,0.5944986690328306
seattle,2025-06-10,6762,6762,0.5896184560780834
seattle,2025-06-11,6762,6762,0.567287784679089
seattle,2025-06-12,6762,6762,0.5331262939958592
seattle,2025-06-13,6762,6762,0.5085773439810707
seattle,2025-06-14,6762,6762,0.5050280981958001
seattle,2025-06-15,6762,6762,0.5424430641821946
seattle,2025-06-16,6762,6762,0.5578231292517006
seattle,2025-06-17,6762,6762,0.5674356699201419
seattle,2025-06-18,6762,6762,0.5590062111801242
seattle,2025-06-19,6762,6762,0.5409642117716652
seattle,2025-06-20,6762,6762,0.5372670807453416
seattle,2025-06-21,6762,6762,0.5446613427979887
seattle,2025-06-22,6762,6762,0.5666962437148773
seattle,2025-06-23,6762,6762,0.5807453416149069
seattle,2025-06-24,6762,6762,0.5791186039633245
seattle,2025-06-25,6762,6762,0.5661047027506655
seattle,2025-06-26,6762,6762,0.5548654244306418
seattle,2025-06-27,6762,6762,0.5628512274475007
seattle,2025-06-28,6762,6762,0.5732031943212067
seattle,2025-06-29,6762,6762,0.5848861283643892
seattle,2025-06-30,6762,6762,0.6005619639160011
seattle,2025-07-01,6762,6762,0.5964211771665188
seattle,2025-07-02,6762,6762,0.5822241940254362
seattle,2025-07-03,6762,6762,0.5689145223306714
seattle,2025-07-04,6762,6762,0.559449866903283
seattle,2025-07-05,6762,6762,0.5743862762496302
seattle,2025-07-06,6762,6762,0.5860692102928128
seattle,2025-07-07,6762,6762,0.5913930789707187
seattle,2025-07-08,6762,6762,0.5955338657202012
seattle,2025-07-09,6762,6762,0.5795622596864833
seattle,2025-07-10,6762,6762,0.5437740313516711
seattle,2025-07-11,6762,6762,0.5313516711032239
seattle,2025-07-12,6762,6762,0.5471753918958888
seattle,2025-07-13,6762,6762,0.5853297840875481
seattle,2025-07-14,6762,6762,0.6027802425317953
seattle,2025-07-15,6762,6762,0.6035196687370601
seattle,2025-07-16,6762,6762,0.5944986690328306
seattle,2025-07-17,6762,6762,0.5819284235433304
seattle,2025-07-18,6762,6762,0.5693581780538303
seattle,2025-07-19,6762,6762,0.569949719018042
seattle,2025-07-20,6762,6762,0.582963620230701
seattle,2025-07-21,6762,6762,0.5959775214433599
seattle,2025-07-22,6762,6762,0.5995267672286306
seattle,2025-07-23,6762,6762,0.5955338657202012
seattle,2025-07-24,6762,6762,0.5760130139012126
seattle,2025-07-25,6762,6762,0.5448092280390417
seattle,2025-07-26,6762,6762,0.5483584738243124
seattle,2025-07-27,6762,6762,0.5968648328896776
seattle,2025-07-28,6762,6762,0.6119491274770777
seattle,2025-07-29,6762,6762,0.6169772256728778
seattle,2025-07-30,6762,6762,0.6131322094055013
seattle,2025-07-31,6762,6762,0.6060337178349601
seattle,2025-08-01,6762,6762,0.6008577343981071
seattle,2025-08-02,6762,6762,0.6021887015675835
seattle,2025-08-03,6762,6762,0.6144631765749778
seattle,2025-08-04,6762,6762,0.6242236024844721
seattle,2025-08-05,6762,6762,0.6258503401360545
seattle,2025-08-06,6762,6762,0.6186039633244602
seattle,2025-08-07,6762,6762,0.6103223898254955
seattle,2025-08-08,6762,6762,0.608843537414966
seattle,2025-08-09,6762,6762,0.6132800946465543
seattle,2025-08-10,6762,6762,0.6246672582076309
seattle,2025-08-11,6762,6762,0.6292517006802721
seattle,2025-08-12,6762,6762,0.6261461106181603
seattle,2025-08-13,6762,6762,0.6190476190476191
seattle,2025-08-14,6762,6762,0.6131322094055013
seattle,2025-08-15,6762,6762,0.6162377994676131
seattle,2025-08-16,6762,6762,0.6203785862170955
seattle,2025-08-17,6762,6762,0.5125702454895001
seattle,2025-08-18,6762,6762,0.5202602780242532
seattle,2025-08-19,6762,6762,0.5168589174800355
seattle,2025-08-20,6762,6762,0.5158237207926649
seattle,2025-08-21,6762,6762,0.5113871635610766
seattle,2025-08-22,6762,6762,0.5094646554273884
seattle,2025-08-23,6762,6762,0.5128660159716061
seattle,2025-08-24,6762,6762,0.5174504584442473
seattle,2025-08-25,6762,6762,0.5236616385684709
seattle,2025-08-26,6762,6762,0.5239574090505768
seattle,2025-08-27,6762,6762,0.5195208518189884
seattle,2025-08-28,6762,6762,0.5180419994084591
seattle,2025-08-29,6762,6762,0.5107956225968648
seattle,2025-08-30,6762,6762,0.5087252292221236
seattle,2025-08-31,6762,6762,0.5195208518189884
seattle,2025-09-01,6762,6762,0.5272108843537415
seattle,2025-09-02,6762,6762,0.5307601301390121
seattle,2025-09-03,6762,6762,0.5298728186926944
seattle,2025-09-04,6762,6762,0.5263235729074238
seattle,2025-09-05,6762,6762,0.5248447204968945
seattle,2025-09-06,6762,6762,0.525879917184265
seattle,2025-09-07,6762,6762,0.5295770482105886
seattle,2025-09-08,6762,6762,0.531203785862171
seattle,2025-09-09,6762,6762,0.5317953268263828
seattle,2025-09-10,6762,6762,0.5292812777284827
seattle,2025-09-11,6762,6762,0.5245489500147885
seattle,2025-09-12,6762,6762,0.5252883762200532
seattle,2025-09-13,6762,6762,0.526027802425318
seattle,2025-09-14,6762,6762,0.5295770482105886
seattle,2025-09-15,6762,6762,0.5359361135758651
seattle,2025-09-16,6762,6762,0.5369713102632357
seattle,2025-09-17,6762,6762,0.533717834960071
seattle,2025-09-18,6762,6762,0.5313516711032239
seattle,2025-09-19,6762,6762,0.5291333924874297
seattle,2025-09-20,6762,6762,0.5301685891748004
seattle,2025-09-21,6762,6762,0.5366755397811298
seattle,2025-09-22,6762,6762,0.5405205560485064
seattle,2025-09-23,6762,6762,0.538745933155871
seattle,2025-09-24,6762,6762,0.5341614906832298
seattle,2025-09-25,6762,6762,0.5289855072463768
seattle,2025-09-26,6762,6762,0.5215912451937297
seattle,2025-09-27,6762,6762,0.523070097604259
seattle,2025-09-28,6762,6762,0.5368234250221828
seattle,2025-09-29,6762,6762,0.54421768707483
seattle,2025-09-30,6762,6762,0.546435965690624
seattle,2025-10-01,6762,6762,0.5275066548358474
seattle,2025-10-02,6762,6762,0.5261756876663709
seattle,2025-10-03,6762,6762,0.5241052942916297
seattle,2025-10-04,6762,6762,0.5249926057379474
seattle,2025-10-05,6762,6762,0.5266193433895298
seattle,2025-10-06,6762,6762,0.5295770482105886
seattle,2025-10-07,6762,6762,0.5295770482105886
seattle,2025-10-08,6762,6762,0.528541851523218
seattle,2025-10-09,6762,6762,0.5273587695947944
seattle,2025-10-10,6762,6762,0.5266193433895298
seattle,2025-10-11,6762,6762,0.5275066548358474
seattle,2025-10-12,6762,6762,0.5300207039337475
seattle,2025-10-13,6762,6762,0.531203785862171
seattle,2025-10-14,6762,6762,0.530908015380065
seattle,2025-10-15,6762,6762,0.5288376220053239
seattle,2025-10-16,6762,6762,0.5269151138716356
seattle,2025-10-17,6762,6762,0.5282460810411121
seattle,2025-10-18,6762,6762,0.528541851523218
seattle,2025-10-19,6762,6762,0.531055900621118
seattle,2025-10-20,6762,6762,0.5313516711032239
seattle,2025-10-21,6762,6762,0.5313516711032239
seattle,2025-10-22,6762,6762,0.5304643596569062
seattle,2025-10-23,6762,6762,0.5301685891748004
seattle,2025-10-24,6762,6762,0.5298728186926944
seattle,2025-10-25,6762,6762,0.5295770482105886
seattle,2025-10-26,6762,6762,0.5317953268263828
seattle,2025-10-27,6762,6762,0.533569949719018
seattle,2025-10-28,6762,6762,0.5341614906832298
seattle,2025-10-29,6762,6762,0.533569949719018
seattle,2025-10-30,6762,6762,0.5341614906832298
seattle,2025-10-31,6762,6762,0.5344572611653357
seattle,2025-11-01,6762,6762,0.525879917184265
seattle,2025-11-02,6762,6762,0.5261756876663709
seattle,2025-11-03,6762,6762,0.5264714581484767
seattle,2025-11-04,6762,6762,0.5246968352558414
seattle,2025-11-05,6762,6762,0.5241052942916297
seattle,2025-11-06,6762,6762,0.5236616385684709
seattle,2025-11-07,6762,6762,0.523365868086365
seattle,2025-11-08,6762,6762,0.5249926057379474
seattle,2025-11-09,6762,6762,0.525879917184265
seattle,2025-11-10,6762,6762,0.5275066548358474
seattle,2025-11-11,6762,6762,0.5279503105590062
seattle,2025-11-12,6762,6762,0.5278024253179533
seattle,2025-11-13,6762,6762,0.5295770482105886
seattle,2025-11-14,6762,6762,0.5298728186926944
seattle,2025-11-15,6762,6762,0.4344868382135463
seattle,2025-11-16,6762,6762,0.432564330079858
seattle,2025-11-17,6762,6762,0.4318249038745933
seattle,2025-11-18,6762,6762,0.4321206743566992
seattle,2025-11-19,6762,6762,0.4293108547766933
seattle,2025-11-20,6762,6762,0.4287193138124815
seattle,2025-11-21,6762,6762,0.4276841171251109
seattle,2025-11-22,6762,6762,0.42709257616089913
seattle,2025-11-23,6762,6762,0.427388346643005
seattle,2025-11-24,6762,6762,0.42664892043774033
seattle,2025-11-25,6762,6762,0.42472641230405206
seattle,2025-11-26,6762,6762,0.4226560189293109
seattle,2025-11-27,6762,6762,0.42324755989352264
seattle,2025-11-28,6762,6762,0.4235433303756285
seattle,2025-11-29,6762,6762,0.4241348713398403
seattle,2025-11-30,6762,6762,0.427536231884058
seattle,2025-12-01,6762,6762,0.42664892043774033
washington-dc,2025-06-01,6077,6077,0.6475234490702649
washington-dc,2025-06-02,6077,6077,0.6529537600789863
washington-dc,2025-06-03,6077,6077,0.6521309856837255
washington-dc,2025-06-04,6077,6077,0.6447260161263781
washington-dc,2025-06-05,6077,6077,0.6039164061214415
washington-dc,2025-06-06,6077,6077,0.5836761559980254
washington-dc,2025-06-07,6077,6077,0.5846634852723384
washington-dc,2025-06-08,6077,6077,0.6027645219680764
washington-dc,2025-06-09,6077,6077,0.6564094125390818
washington-dc,2025-06-10,6077,6077,0.6677636991936811
washington-dc,2025-06-11,6077,6077,0.6672700345565246
washington-dc,2025-06-12,6077,6077,0.6417640283034391
washington-dc,2025-06-13,6077,6077,0.5611321375678789
washington-dc,2025-06-14,6077,6077,0.5558663814382097
washington-dc,2025-06-15,6077,6077,0.5691953266414349
washington-dc,2025-06-16,6077,6077,0.650649991772256
washington-dc,2025-06-17,6077,6077,0.66463715649169
washington-dc,2025-06-18,6077,6077,0.6634852723383249
washington-dc,2025-06-19,6077,6077,0.6652953760078987
washington-dc,2025-06-20,6077,6077,0.6624979430640119
washington-dc,2025-06-21,6077,6077,0.6573967418133948
washington-dc,2025-06-22,6077,6077,0.6498272173769952
washington-dc,2025-06-23,6077,6077,0.6455487905216389
washington-dc,2025-06-24,6077,6077,0.66463715649169
washington-dc,2025-06-25,6077,6077,0.6720421260490373
washington-dc,2025-06-26,6077,6077,0.6728649004442981
washington-dc,2025-06-27,6077,6077,0.6784597663320717
washington-dc,2025-06-28,6077,6077,0.6801053151225934
washington-dc,2025-06-29,6077,6077,0.6835609675826888
washington-dc,2025-06-30,6077,6077,0.6878393944380451
washington-dc,2025-07-01,6077,6077,0.6801053151225934
washington-dc,2025-07-02,6077,6077,0.6778015468158631
washington-dc,2025-07-03,6077,6077,0.6722066809280896
washington-dc,2025-07-04,6077,6077,0.6720421260490373
washington-dc,2025-07-05,6077,6077,0.6769787724206022
washington-dc,2025-07-06,6077,6077,0.6852065163732105
washington-dc,2025-07-07,6077,6077,0.6812571992759585
washington-dc,2025-07-08,6077,6077,0.6751686687510284
washington-dc,2025-07-09,6077,6077,0.6713839065328286
washington-dc,2025-07-10,6077,6077,0.6697383577423071
washington-dc,2025-07-11,6077,6077,0.6680928089517855
washington-dc,2025-07-12,6077,6077,0.6695738028632549
washington-dc,2025-07-13,6077,6077,0.6833964127036367
washington-dc,2025-07-14,6077,6077,0.6878393944380451
washington-dc,2025-07-15,6077,6077,0.6889912785914102
washington-dc,2025-07-16,6077,6077,0.6901431627447754
washington-dc,2025-07-17,6077,6077,0.6904722725028797
washington-dc,2025-07-18,6077,6077,0.6904722725028797
washington-dc,2025-07-19,6077,6077,0.6935988152048709
washington-dc,2025-07-20,6077,6077,0.6945861444791838
washington-dc,2025-07-21,6077,6077,0.6940924798420273
washington-dc,2025-07-22,6077,6077,0.6865229554056278
washington-dc,2025-07-23,6077,6077,0.555208161922001
washington-dc,2025-07-24,6077,6077,0.5540562777686359
washington-dc,2025-07-25,6077,6077,0.5535626131314794
washington-dc,2025-07-26,6077,6077,0.555208161922001
washington-dc,2025-07-27,6077,6077,0.55817014974494
washington-dc,2025-07-28,6077,6077,0.559157479019253
washington-dc,2025-07-29,6077,6077,0.559157479019253
washington-dc,2025-07-30,6077,6077,0.5599802534145137
washington-dc,2025-07-31,6077,6077,0.5617903570840875
washington-dc,2025-08-01,6077,6077,0.5598156985354615
washington-dc,2025-08-02,6077,6077,0.5616258022050353
washington-dc,2025-08-03,6077,6077,0.5616258022050353
washington-dc,2025-08-04,6077,6077,0.5621194668421918
washington-dc,2025-08-05,6077,6077,0.5619549119631397
washington-dc,2025-08-06,6077,6077,0.5634359058746092
washington-dc,2025-08-07,6077,6077,0.557182820470627
washington-dc,2025-08-08,6077,6077,0.559157479019253
washington-dc,2025-08-09,6077,6077,0.5611321375678789
washington-dc,2025-08-10,6077,6077,0.5657396741813395
washington-dc,2025-08-11,6077,6077,0.5685371071252263
washington-dc,2025-08-12,6077,6077,0.5678788876090176
washington-dc,2025-08-13,6077,6077,0.5677143327299654
washington-dc,2025-08-14,6077,6077,0.5668915583347046
washington-dc,2025-08-15,6077,6077,0.5695244363995392
washington-dc,2025-08-16,6077,6077,0.5703472107948001
washington-dc,2025-08-17,6077,6077,0.5714990949481652
washington-dc,2025-08-18,6077,6077,0.5711699851900609
washington-dc,2025-08-19,6077,6077,0.5731446437386869
washington-dc,2025-08-20,6077,6077,0.5739674181339477
washington-dc,2025-08-21,6077,6077,0.5739674181339477
washington-dc,2025-08-22,6077,6077,0.5751193022873128
washington-dc,2025-08-23,6077,6077,0.5739674181339477
washington-dc,2025-08-24,6077,6077,0.5729800888596347
washington-dc,2025-08-25,6077,6077,0.5741319730129998
washington-dc,2025-08-26,6077,6077,0.5754484120454172
washington-dc,2025-08-27,6077,6077,0.5766002961987823
washington-dc,2025-08-28,6077,6077,0.5767648510778345
washington-dc,2025-08-29,6077,6077,0.5779167352311996
washington-dc,2025-08-30,6077,6077,0.5780812901102518
washington-dc,2025-08-31,6077,6077,0.5802205035379299
washington-dc,2025-09-01,6077,6077,0.5741319730129998
washington-dc,2025-09-02,6077,6077,0.5734737534967912
washington-dc,2025-09-03,6077,6077,0.5736383083758434
washington-dc,2025-09-04,6077,6077,0.5731446437386869
washington-dc,2025-09-05,6077,6077,0.5746256376501563
washington-dc,2025-09-06,6077,6077,0.5734737534967912
washington-dc,2025-09-07,6077,6077,0.5726509791015304
washington-dc,2025-09-08,6077,6077,0.5711699851900609
washington-dc,2025-09-09,6077,6077,0.5695244363995392
washington-dc,2025-09-10,6077,6077,0.5691953266414349
washington-dc,2025-09-11,6077,6077,0.5726509791015304
washington-dc,2025-09-12,6077,6077,0.5716636498272174
washington-dc,2025-09-13,6077,6077,0.572321869343426
washington-dc,2025-09-14,6077,6077,0.5719927595853217
washington-dc,2025-09-15,6077,6077,0.5705117656738522
washington-dc,2025-09-16,6077,6077,0.5706763205529044
washington-dc,2025-09-17,6077,6077,0.5677143327299654
washington-dc,2025-09-18,6077,6077,0.5660687839394438
washington-dc,2025-09-19,6077,6077,0.5690307717623827
washington-dc,2025-09-20,6077,6077,0.5698535461576436
washington-dc,2025-09-21,6077,6077,0.5688662168833306
washington-dc,2025-09-22,6077,6077,0.571334540069113
washington-dc,2025-09-23,6077,6077,0.5701826559157479
washington-dc,2025-09-24,6077,6077,0.5706763205529044
washington-dc,2025-09-25,6077,6077,0.5701826559157479
washington-dc,2025-09-26,6077,6077,0.5721573144643739
washington-dc,2025-09-27,6077,6077,0.5726509791015304
washington-dc,2025-09-28,6077,6077,0.5734737534967912
washington-dc,2025-09-29,6077,6077,0.5721573144643739
washington-dc,2025-09-30,6077,6077,0.5724864242224782
washington-dc,2025-10-01,6077,6077,0.5719927595853217
washington-dc,2025-10-02,6077,6077,0.5738028632548955
washington-dc,2025-10-03,6077,6077,0.5736383083758434
washington-dc,2025-10-04,6077,6077,0.5719927595853217
washington-dc,2025-10-05,6077,6077,0.5721573144643739
washington-dc,2025-10-06,6077,6077,0.5719927595853217
washington-dc,2025-10-07,6077,6077,0.5708408754319566
washington-dc,2025-10-08,6077,6077,0.5708408754319566
washington-dc,2025-10-09,6077,6077,0.5700181010366957
washington-dc,2025-10-10,6077,6077,0.5716636498272174
washington-dc,2025-10-11,6077,6077,0.5708408754319566
washington-dc,2025-10-12,6077,6077,0.5711699851900609
washington-dc,2025-10-13,6077,6077,0.571334540069113
washington-dc,2025-10-14,6077,6077,0.571334540069113
washington-dc,2025-10-15,6077,6077,0.5714990949481652
washington-dc,2025-10-16,6077,6077,0.5703472107948001
washington-dc,2025-10-17,6077,6077,0.5724864242224782
washington-dc,2025-10-18,6077,6077,0.5721573144643739
washington-dc,2025-10-19,6077,6077,0.573309198617739
washington-dc,2025-10-20,6077,6077,0.5701826559157479
washington-dc,2025-10-21,6077,6077,0.4793483626789534
washington-dc,2025-10-22,6077,6077,0.47753825900937963
washington-dc,2025-10-23,6077,6077,0.47572815533980584
washington-dc,2025-10-24,6077,6077,0.47474082606549284
washington-dc,2025-10-25,6077,6077,0.4745762711864407
washington-dc,2025-10-26,6077,6077,0.47622181997696234
washington-dc,2025-10-27,6077,6077,0.4806648017113707
washington-dc,2025-10-28,6077,6077,0.48231035050189236
washington-dc,2025-10-29,6077,6077,0.48296857001810106
washington-dc,2025-10-30,6077,6077,0.48329767977620536
washington-dc,2025-10-31,6077,6077,0.4841204541714662
washington-dc,2025-11-01,6077,6077,0.4813230212275794
washington-dc,2025-11-02,6077,6077,0.4811584663485272
washington-dc,2025-11-03,6077,6077,0.4803356919532664
washington-dc,2025-11-04,6077,6077,0.4803356919532664
washington-dc,2025-11-05,6077,6077,0.4796774724370578
washington-dc,2025-11-06,6077,6077,0.4791838077999013
washington-dc,2025-11-07,6077,6077,0.4796774724370578
washington-dc,2025-11-08,6077,6077,0.4796774724370578
washington-dc,2025-11-09,6077,6077,0.4796774724370578
washington-dc,2025-11-10,6077,6077,0.47951291755800557
washington-dc,2025-11-11,6077,6077,0.48017113707421427
washington-dc,2025-11-12,6077,6077,0.47704459437222313
washington-dc,2025-11-13,6077,6077,0.48099391146947507
washington-dc,2025-11-14,6077,6077,0.4811584663485272
washington-dc,2025-11-15,6077,6077,0.4808293565904229
washington-dc,2025-11-16,6077,6077,0.4806648017113707
washington-dc,2025-11-17,6077,6077,0.4796774724370578
washington-dc,2025-11-18,6077,6077,0.4798420273161099
washington-dc,2025-11-19,6077,6077,0.4763863748560145
washington-dc,2025-11-20,6077,6077,0.4793483626789534
washington-dc,2025-11-21,6077,6077,0.4783610334046404
washington-dc,2025-11-22,6077,6077,0.48000658219516207
washington-dc,2025-11-23,6077,6077,0.4790192529208491
washington-dc,2025-11-24,6077,6077,0.4783610334046404
washington-dc,2025-11-25,6077,6077,0.4783610334046404
washington-dc,2025-11-26,6077,6077,0.47671548461411883
washington-dc,2025-11-27,6077,6077,0.476880039493171
washington-dc,2025-11-28,6077,6077,0.4783610334046404
washington-dc,2025-11-29,6077,6077,0.47951291755800557
washington-dc,2025-11-30,6077,6077,0.48050024683231857
washington-dc,2025-12-01,6077,6077,0.4791838077999013
